datetime,energy
2023-01-01 00:00:00,209.93428306022466
2023-01-01 01:00:00,197.73470564328463
2023-01-01 02:00:00,213.9537040966805
2023-01-01 03:00:00,231.9603721382853
2023-01-01 04:00:00,197.316399214865
2023-01-01 05:00:00,197.8162193245503
2023-01-01 06:00:00,234.58245663412006
2023-01-01 07:00:00,218.8458369499348
2023-01-01 08:00:00,194.60624697975962
2023-01-01 09:00:00,215.34512833161986
2023-01-01 10:00:00,195.72331697609218
2023-01-01 11:00:00,196.1743199704536
2023-01-01 12:00:00,210.82485579576664
2023-01-01 13:00:00,168.21610223782878
2023-01-01 14:00:00,172.47879908195117
2023-01-01 15:00:00,196.2261560388605
2023-01-01 16:00:00,187.7092879240238
2023-01-01 17:00:00,214.74406410525526
2023-01-01 18:00:00,190.790997160867
2023-01-01 19:00:00,181.1968707221192
2023-01-01 20:00:00,239.24644191818413
2023-01-01 21:00:00,205.90746898257427
2023-01-01 22:00:00,212.26204524780192
2023-01-01 23:00:00,182.9039124524903
2023-01-02 00:00:00,200.9974768308531
2023-01-02 01:00:00,214.58864975692347
2023-01-02 02:00:00,189.8341560461617
2023-01-02 03:00:00,220.85053220135498
2023-01-02 04:00:00,201.80500862982962
2023-01-02 05:00:00,208.46373625937625
2023-01-02 06:00:00,202.74187808847904
2023-01-02 07:00:00,252.29849551235094
2023-01-02 08:00:00,215.45838353604722
2023-01-02 09:00:00,195.0479328406254
2023-01-02 10:00:00,233.1252528491045
2023-01-02 11:00:00,192.72801737335215
2023-01-02 12:00:00,221.7909835638496
2023-01-02 13:00:00,178.88736912065258
2023-01-02 14:00:00,191.98230249268053
2023-01-02 15:00:00,222.94664547354054
2023-01-02 16:00:00,234.24024871534075
2023-01-02 17:00:00,223.35783202302053
2023-01-02 18:00:00,218.07505700521372
2023-01-02 19:00:00,214.82146620967475
2023-01-02 20:00:00,191.72653344595145
2023-01-02 21:00:00,207.35139253766735
2023-01-02 22:00:00,212.98462992908026
2023-01-02 23:00:00,243.78675879333173
2023-01-03 00:00:00,229.96132456844336
2023-01-03 01:00:00,188.27049130130322
2023-01-03 02:00:00,230.45295631810603
2023-01-03 03:00:00,216.70721673581903
2023-01-03 04:00:00,211.30556688606765
2023-01-03 05:00:00,237.5101928370597
2023-01-03 06:00:00,246.32679003257468
2023-01-03 07:00:00,244.7599638288569
2023-01-03 08:00:00,209.7749594315914
2023-01-03 09:00:00,220.79735491967418
2023-01-03 10:00:00,234.02646546766493
2023-01-03 11:00:00,247.32895368808636
2023-01-03 12:00:00,218.64863891284597
2023-01-03 13:00:00,224.93019347174774
2023-01-03 14:00:00,206.9250585467447
2023-01-03 15:00:00,205.53310541550007
2023-01-03 16:00:00,246.11028851600358
2023-01-03 17:00:00,257.3841208582184
2023-01-03 18:00:00,229.215640167065
2023-01-03 19:00:00,251.11995730966845
2023-01-03 20:00:00,238.67237170187613
2023-01-03 21:00:00,218.9244640189959
2023-01-03 22:00:00,239.43879647205284
2023-01-03 23:00:00,263.3524198803962
2023-01-04 00:00:00,232.2527128163746
2023-01-04 01:00:00,264.636354866465
2023-01-04 02:00:00,181.31949349961235
2023-01-04 03:00:00,250.51998808867117
2023-01-04 04:00:00,236.18701362029097
2023-01-04 05:00:00,228.8266149220505
2023-01-04 06:00:00,236.99918649073058
2023-01-04 07:00:00,195.76628532886255
2023-01-04 08:00:00,231.4743667882259
2023-01-04 09:00:00,243.35661014874205
2023-01-04 10:00:00,266.1151723811751
2023-01-04 11:00:00,226.53116419002518
2023-01-04 12:00:00,221.0622839406792
2023-01-04 13:00:00,227.5288793853239
2023-01-04 14:00:00,256.20017049880533
2023-01-04 15:00:00,244.79146904446893
2023-01-04 16:00:00,227.9417398696077
2023-01-04 17:00:00,249.1189360386083
2023-01-04 18:00:00,241.10789646833499
2023-01-04 19:00:00,258.8480867951553
2023-01-04 20:00:00,225.73901912427127
2023-01-04 21:00:00,233.52775411223348
2023-01-04 22:00:00,232.53574195761257
2023-01-04 23:00:00,211.40047627682634
2023-01-05 00:00:00,246.88198395634143
2023-01-05 01:00:00,246.4653911105203
2023-01-05 02:00:00,241.62713765744775
2023-01-05 03:00:00,237.10955626252309
2023-01-05 04:00:00,213.76613439938652
2023-01-05 05:00:00,233.92868577559358
2023-01-05 06:00:00,235.75111076693275
2023-01-05 07:00:00,226.81940407499778
2023-01-05 08:00:00,239.89449712884672
2023-01-05 09:00:00,251.45217841599163
2023-01-05 10:00:00,281.3414921414599
2023-01-05 11:00:00,247.35158147037086
2023-01-05 12:00:00,249.24889815870267
2023-01-05 13:00:00,242.84242740715104
2023-01-05 14:00:00,206.18494369709094
2023-01-05 15:00:00,244.25465677501805
2023-01-05 16:00:00,246.20962630764578
2023-01-05 17:00:00,294.485451718647
2023-01-05 18:00:00,241.58445551017172
2023-01-05 19:00:00,251.6691438596983
2023-01-05 20:00:00,245.14592004448346
2023-01-05 21:00:00,222.66396913441616
2023-01-05 22:00:00,269.0867569107014
2023-01-05 23:00:00,261.4571090161938
2023-01-06 00:00:00,262.42259323922224
2023-01-06 01:00:00,228.59305098177452
2023-01-06 02:00:00,275.0108540346754
2023-01-06 03:00:00,219.08741884073925
2023-01-06 04:00:00,259.02634184848233
2023-01-06 05:00:00,291.2583434839789
2023-01-06 06:00:00,227.79379057691202
2023-01-06 07:00:00,236.42908818717916
2023-01-06 08:00:00,249.89382031621406
2023-01-06 09:00:00,237.97224012797963
2023-01-06 10:00:00,217.164640649537
2023-01-06 11:00:00,249.68050707675727
2023-01-06 12:00:00,227.18968073139118
2023-01-06 13:00:00,258.0292675087559
2023-01-06 14:00:00,230.2857424000899
2023-01-06 15:00:00,279.78485599168374
2023-01-06 16:00:00,233.22816427504108
2023-01-06 17:00:00,242.5541727458172
2023-01-06 18:00:00,265.36302086601137
2023-01-06 19:00:00,224.56775441188472
2023-01-06 20:00:00,253.8216851915056
2023-01-06 21:00:00,275.49786013634105
2023-01-06 22:00:00,217.28292345136143
2023-01-06 23:00:00,253.19790518750497
2023-01-07 00:00:00,254.77057329455278
2023-01-07 01:00:00,265.2721069874256
2023-01-07 02:00:00,224.9544039530206
2023-01-07 03:00:00,223.3370852271935
2023-01-07 04:00:00,260.23287353921995
2023-01-07 05:00:00,255.77658106682088
2023-01-07 06:00:00,254.88460633712026
2023-01-07 07:00:00,256.83658781481694
2023-01-07 08:00:00,236.33501276720932
2023-01-07 09:00:00,254.60347120679387
2023-01-07 10:00:00,255.8377409962476
2023-01-07 11:00:00,235.70215984894048
2023-01-07 12:00:00,287.3125762343934
2023-01-07 13:00:00,259.47664256482744
2023-01-07 14:00:00,226.17181238088403
2023-01-07 15:00:00,263.12185292939114
2023-01-07 16:00:00,230.48504674752883
2023-01-07 17:00:00,265.70327379591856
2023-01-07 18:00:00,273.1113987536743
2023-01-07 19:00:00,233.49875235184743
2023-01-07 20:00:00,269.1478416508451
2023-01-07 21:00:00,258.0988699614259
2023-01-07 22:00:00,266.24240269571663
2023-01-07 23:00:00,287.69002714358794
2023-01-08 00:00:00,244.79439778984639
2023-01-08 01:00:00,234.57045926755612
2023-01-08 02:00:00,231.79295193011296
2023-01-08 03:00:00,233.20013450849913
2023-01-08 04:00:00,247.90245411195298
2023-01-08 05:00:00,256.1907314813687
2023-01-08 06:00:00,254.81977492837805
2023-01-08 07:00:00,265.7429623244173
2023-01-08 08:00:00,249.36775369443907
2023-01-08 09:00:00,278.0819051825486
2023-01-08 10:00:00,243.61669367564312
2023-01-08 11:00:00,303.2069294309186
2023-01-08 12:00:00,261.2057284992099
2023-01-08 13:00:00,231.43319666279012
2023-01-08 14:00:00,227.03760648280058
2023-01-08 15:00:00,257.97916789652857
2023-01-08 16:00:00,243.7298941011054
2023-01-08 17:00:00,262.34377003060683
2023-01-08 18:00:00,257.3883166454166
2023-01-08 19:00:00,246.32199758950975
2023-01-08 20:00:00,230.69293535221166
2023-01-08 21:00:00,217.17733624951424
2023-01-08 22:00:00,238.3847053430303
2023-01-08 23:00:00,264.27897245097
2023-01-09 00:00:00,251.26414856687035
2023-01-09 01:00:00,221.89407704157554
2023-01-09 02:00:00,250.09436921813366
2023-01-09 03:00:00,254.1543333447702
2023-01-09 04:00:00,228.58342731538576
2023-01-09 05:00:00,249.1430424284803
2023-01-09 06:00:00,247.03607213301046
2023-01-09 07:00:00,222.8112621104488
2023-01-09 08:00:00,252.62061854824975
2023-01-09 09:00:00,256.47021869362476
2023-01-09 10:00:00,266.7006844396369
2023-01-09 11:00:00,265.89632809827606
2023-01-09 12:00:00,217.04304518852717
2023-01-09 13:00:00,225.61161763336634
2023-01-09 14:00:00,254.4360728849719
2023-01-09 15:00:00,254.1739221681981
2023-01-09 16:00:00,253.95760270149677
2023-01-09 17:00:00,320.4653589853751
2023-01-09 18:00:00,254.57827854630702
2023-01-09 19:00:00,265.61720428535244
2023-01-09 20:00:00,261.72705934750786
2023-01-09 21:00:00,255.41171703279443
2023-01-09 22:00:00,235.81113668902537
2023-01-09 23:00:00,257.02432394979024
2023-01-10 00:00:00,226.1126687481827
2023-01-10 01:00:00,236.55287752048022
2023-01-10 02:00:00,231.29792642448663
2023-01-10 03:00:00,242.35452740901624
2023-01-10 04:00:00,286.7179915244497
2023-01-10 05:00:00,202.78324946050242
2023-01-10 06:00:00,253.55347741929458
2023-01-10 07:00:00,207.2696936933072
2023-01-10 08:00:00,229.77715893843234
2023-01-10 09:00:00,260.6826717837434
2023-01-10 10:00:00,239.87323348291554
2023-01-10 11:00:00,216.71285206787655
2023-01-10 12:00:00,223.63796122384673
2023-01-10 13:00:00,251.20848379840206
2023-01-10 14:00:00,222.6779279744933
2023-01-10 15:00:00,241.27943569461306
2023-01-10 16:00:00,237.52300899958882
2023-01-10 17:00:00,223.23721242122463
2023-01-10 18:00:00,278.80212143996283
2023-01-10 19:00:00,248.25204808590243
2023-01-10 20:00:00,194.71768655535666
2023-01-10 21:00:00,238.59297320838544
2023-01-10 22:00:00,221.26801988247908
2023-01-10 23:00:00,251.18882779245646
2023-01-11 00:00:00,217.92274425890352
2023-01-11 01:00:00,231.10805084148657
2023-01-11 02:00:00,243.12880564356917
2023-01-11 03:00:00,249.96714146201566
2023-01-11 04:00:00,208.265821775603
2023-01-11 05:00:00,225.1982103899062
2023-01-11 06:00:00,222.0026252765755
2023-01-11 07:00:00,218.04509311449098
2023-01-11 08:00:00,266.0277976959075
2023-01-11 09:00:00,238.42231038813483
2023-01-11 10:00:00,204.7059281184969
2023-01-11 11:00:00,247.87878484679115
2023-01-11 12:00:00,271.55965641645673
2023-01-11 13:00:00,249.35791262875156
2023-01-11 14:00:00,197.9104122033549
2023-01-11 15:00:00,218.1995044122458
2023-01-11 16:00:00,252.8059948050888
2023-01-11 17:00:00,212.89522170647382
2023-01-11 18:00:00,235.50313394070562
2023-01-11 19:00:00,241.69489815295054
2023-01-11 20:00:00,207.23645915951153
2023-01-11 21:00:00,224.15483549116666
2023-01-11 22:00:00,160.08773531921048
2023-01-11 23:00:00,203.99057751464417
2023-01-12 00:00:00,218.9897677215692
2023-01-12 01:00:00,198.64586342519712
2023-01-12 02:00:00,255.80778932514994
2023-01-12 03:00:00,194.11245593230268
2023-01-12 04:00:00,213.46784249315388
2023-01-12 05:00:00,224.43476565372814
2023-01-12 06:00:00,250.1944597930138
2023-01-12 07:00:00,192.19865401019416
2023-01-12 08:00:00,243.72398352670004
2023-01-12 09:00:00,220.2081351000127
2023-01-12 10:00:00,199.91406592396356
2023-01-12 11:00:00,228.325119087882
2023-01-12 12:00:00,222.60114588272216
2023-01-12 13:00:00,206.15065481703252
2023-01-12 14:00:00,219.0842589648575
2023-01-12 15:00:00,209.5134014256843
2023-01-12 16:00:00,219.0197544128202
2023-01-12 17:00:00,229.52008021629894
2023-01-12 18:00:00,247.5242345337597
2023-01-12 19:00:00,190.57243934263917
2023-01-12 20:00:00,257.51273505846694
2023-01-12 21:00:00,175.33214462667718
2023-01-12 22:00:00,210.85859439011767
2023-01-12 23:00:00,225.17964667617244
2023-01-13 00:00:00,218.5508048377562
2023-01-13 01:00:00,199.99334893724574
2023-01-13 02:00:00,207.80002145355363
2023-01-13 03:00:00,201.61637865788657
2023-01-13 04:00:00,199.20188547237163
2023-01-13 05:00:00,227.49290690296544
2023-01-13 06:00:00,217.15180895538947
2023-01-13 07:00:00,195.66294046283826
2023-01-13 08:00:00,227.02181090337666
2023-01-13 09:00:00,214.68358186508945
2023-01-13 10:00:00,224.301758125152
2023-01-13 11:00:00,220.14321244278943
2023-01-13 12:00:00,190.4761001845519
2023-01-13 13:00:00,195.3570388035698
2023-01-13 14:00:00,221.01053485399675
2023-01-13 15:00:00,217.77546474300178
2023-01-13 16:00:00,204.65286743654715
2023-01-13 17:00:00,206.9197797777975
2023-01-13 18:00:00,229.62840550378195
2023-01-13 19:00:00,191.74514778032557
2023-01-13 20:00:00,214.0196334948964
2023-01-13 21:00:00,198.53463537124887
2023-01-13 22:00:00,197.72540905712015
2023-01-13 23:00:00,223.5549069615665
2023-01-14 00:00:00,217.5878757660654
2023-01-14 01:00:00,216.8498124168207
2023-01-14 02:00:00,226.18920878891092
2023-01-14 03:00:00,199.99971446429774
2023-01-14 04:00:00,212.7187440792466
2023-01-14 05:00:00,192.37448857395069
2023-01-14 06:00:00,204.56343182450706
2023-01-14 07:00:00,194.9777167442256
2023-01-14 08:00:00,199.02121212847536
2023-01-14 09:00:00,208.48544020268588
2023-01-14 10:00:00,179.71923466178728
2023-01-14 11:00:00,237.43313410457884
2023-01-14 12:00:00,174.96722268275053
2023-01-14 13:00:00,170.30647101773997
2023-01-14 14:00:00,217.2556746754105
2023-01-14 15:00:00,209.4305156659397
2023-01-14 16:00:00,205.58410297748176
2023-01-14 17:00:00,205.17375149506967
2023-01-14 18:00:00,191.86777983589928
2023-01-14 19:00:00,173.67429056807245
2023-01-14 20:00:00,192.6429699218315
2023-01-14 21:00:00,177.0920325926126
2023-01-14 22:00:00,209.64698602162156
2023-01-14 23:00:00,186.71375378628724
2023-01-15 00:00:00,172.65630204478077
2023-01-15 01:00:00,182.250957078246
2023-01-15 02:00:00,196.45086305066764
2023-01-15 03:00:00,176.43248372968867
2023-01-15 04:00:00,170.7785369873298
2023-01-15 05:00:00,191.6139369362496
2023-01-15 06:00:00,191.15809790601827
2023-01-15 07:00:00,175.63985086575428
2023-01-15 08:00:00,175.87931826685517
2023-01-15 09:00:00,189.46392311173128
2023-01-15 10:00:00,155.385595214905
2023-01-15 11:00:00,155.72392949634497
2023-01-15 12:00:00,169.03185616391457
2023-01-15 13:00:00,178.660993071922
2023-01-15 14:00:00,188.6789899274791
2023-01-15 15:00:00,211.50061936539262
2023-01-15 16:00:00,198.68114453681653
2023-01-15 17:00:00,177.8654857092816
2023-01-15 18:00:00,180.22212994485972
2023-01-15 19:00:00,160.0920043429458
2023-01-15 20:00:00,179.31445217293137
2023-01-15 21:00:00,173.45569688303493
2023-01-15 22:00:00,185.22947273258265
2023-01-15 23:00:00,161.77883699131766
2023-01-16 00:00:00,188.26090812008084
2023-01-16 01:00:00,208.0814906519804
2023-01-16 02:00:00,174.80650128941292
2023-01-16 03:00:00,184.5732323775425
2023-01-16 04:00:00,189.9015175274551
2023-01-16 05:00:00,167.63625812949832
2023-01-16 06:00:00,179.70698099036608
2023-01-16 07:00:00,175.0439206229553
2023-01-16 08:00:00,176.31505660319044
2023-01-16 09:00:00,158.47336480517035
2023-01-16 10:00:00,173.99839643975417
2023-01-16 11:00:00,183.04544041040813
2023-01-16 12:00:00,201.6883198024365
2023-01-16 13:00:00,191.43357066173294
2023-01-16 14:00:00,214.89728494521262
2023-01-16 15:00:00,156.07498280512183
2023-01-16 16:00:00,188.4595028479764
2023-01-16 17:00:00,174.2739849458429
2023-01-16 18:00:00,214.00019747396522
2023-01-16 19:00:00,153.63814664233394
2023-01-16 20:00:00,152.61266860924852
2023-01-16 21:00:00,157.02530491137136
2023-01-16 22:00:00,126.14439435983917
2023-01-16 23:00:00,157.719497181171
2023-01-17 00:00:00,152.66740966623058
2023-01-17 01:00:00,170.4766188762658
2023-01-17 02:00:00,173.92579601029794
2023-01-17 03:00:00,204.23931753201177
2023-01-17 04:00:00,185.35293014654292
2023-01-17 05:00:00,154.43829843131724
2023-01-17 06:00:00,147.64339861383414
2023-01-17 07:00:00,175.08883476930652
2023-01-17 08:00:00,138.4880214230469
2023-01-17 09:00:00,201.16760580701776
2023-01-17 10:00:00,187.77652395822722
2023-01-17 11:00:00,154.4570807535803
2023-01-17 12:00:00,129.2343913762175
2023-01-17 13:00:00,190.23466786508908
2023-01-17 14:00:00,160.5302461477339
2023-01-17 15:00:00,187.24490982797332
2023-01-17 16:00:00,130.27132205871624
2023-01-17 17:00:00,149.8474504025709
2023-01-17 18:00:00,161.61871695616244
2023-01-17 19:00:00,162.13619552087823
2023-01-17 20:00:00,151.8818952090825
2023-01-17 21:00:00,173.03073592564024
2023-01-17 22:00:00,138.91580392447824
2023-01-17 23:00:00,157.11907119078327
2023-01-18 00:00:00,162.07502520507595
2023-01-18 01:00:00,169.6643739867758
2023-01-18 02:00:00,173.31844200855727
2023-01-18 03:00:00,136.30794110266132
2023-01-18 04:00:00,127.83725790471901
2023-01-18 05:00:00,183.7959841487155
2023-01-18 06:00:00,164.61581006208212
2023-01-18 07:00:00,142.7310842150966
2023-01-18 08:00:00,188.45936946367175
2023-01-18 09:00:00,159.48959397760711
2023-01-18 10:00:00,180.5060986657395
2023-01-18 11:00:00,158.01888625397996
2023-01-18 12:00:00,197.63616987696034
2023-01-18 13:00:00,191.28508082427402
2023-01-18 14:00:00,150.96041573900226
2023-01-18 15:00:00,175.13695845425698
2023-01-18 16:00:00,168.3833285626035
2023-01-18 17:00:00,182.6231632392178
2023-01-18 18:00:00,135.73126030413903
2023-01-18 19:00:00,168.5344531324535
2023-01-18 20:00:00,175.77012670617148
2023-01-18 21:00:00,119.2196000758837
2023-01-18 22:00:00,130.52653290921177
2023-01-18 23:00:00,113.2089537570168
2023-01-19 00:00:00,148.41195537494943
2023-01-19 01:00:00,167.96205188367546
2023-01-19 02:00:00,183.47410135425844
2023-01-19 03:00:00,154.72926673047303
2023-01-19 04:00:00,185.64476806717045
2023-01-19 05:00:00,125.30020674029213
2023-01-19 06:00:00,118.66907560349374
2023-01-19 07:00:00,151.46498518684635
2023-01-19 08:00:00,160.10120528431034
2023-01-19 09:00:00,151.61471645510733
2023-01-19 10:00:00,110.77325762673891
2023-01-19 11:00:00,150.19797479796708
2023-01-19 12:00:00,125.7540634612371
2023-01-19 13:00:00,165.10479794556883
2023-01-19 14:00:00,158.9160342136016
2023-01-19 15:00:00,132.66403744053846
2023-01-19 16:00:00,141.06671249200744
2023-01-19 17:00:00,130.04706362698766
2023-01-19 18:00:00,149.86991217128173
2023-01-19 19:00:00,170.12338818860644
2023-01-19 20:00:00,131.20796641871334
2023-01-19 21:00:00,160.91027093299132
2023-01-19 22:00:00,140.1359585573582
2023-01-19 23:00:00,134.80035042959128
2023-01-20 00:00:00,148.4388302039523
2023-01-20 01:00:00,129.80116329793734
2023-01-20 02:00:00,139.36454534044302
2023-01-20 03:00:00,126.41645150222486
2023-01-20 04:00:00,189.60995247665457
2023-01-20 05:00:00,150.96712973570078
2023-01-20 06:00:00,136.21873118703604
2023-01-20 07:00:00,154.44920084657014
2023-01-20 08:00:00,147.88438592127875
2023-01-20 09:00:00,145.67788607139158
2023-01-20 10:00:00,162.35193344049355
2023-01-20 11:00:00,165.19506811658687
2023-01-20 12:00:00,139.41620090642525
2023-01-20 13:00:00,138.4961663247067
2023-01-20 14:00:00,144.50280317876206
2023-01-20 15:00:00,103.9617193859024
2023-01-20 16:00:00,119.69762693952774
2023-01-20 17:00:00,177.34523884879027
2023-01-20 18:00:00,182.9184122693164
2023-01-20 19:00:00,145.05463976010353
2023-01-20 20:00:00,161.58779878659462
2023-01-20 21:00:00,156.30795588302635
2023-01-20 22:00:00,211.69185389106008
2023-01-20 23:00:00,172.54200941510305
2023-01-21 00:00:00,147.63341772859263
2023-01-21 01:00:00,131.12719989953337
2023-01-21 02:00:00,118.16029761738497
2023-01-21 03:00:00,154.4146830870477
2023-01-21 04:00:00,135.2795472287683
2023-01-21 05:00:00,122.02759900971087
2023-01-21 06:00:00,137.61227927543098
2023-01-21 07:00:00,128.98878623170134
2023-01-21 08:00:00,184.44352633336774
2023-01-21 09:00:00,168.41936598838691
2023-01-21 10:00:00,150.71791654245104
2023-01-21 11:00:00,180.5719628880971
2023-01-21 12:00:00,152.62105965589544
2023-01-21 13:00:00,133.95351545890225
2023-01-21 14:00:00,181.7520690527527
2023-01-21 15:00:00,162.18304740360213
2023-01-21 16:00:00,130.78004194078045
2023-01-21 17:00:00,147.84315742613953
2023-01-21 18:00:00,134.26736684722835
2023-01-21 19:00:00,124.25836020937359
2023-01-21 20:00:00,170.5773372174759
2023-01-21 21:00:00,190.3863450958467
2023-01-21 22:00:00,124.37566698859881
2023-01-21 23:00:00,163.76017463577338
2023-01-22 00:00:00,139.646459837933
2023-01-22 01:00:00,143.08005889291076
2023-01-22 02:00:00,141.14266113529118
2023-01-22 03:00:00,135.88339818519972
2023-01-22 04:00:00,154.31100373603167
2023-01-22 05:00:00,136.903592351253
2023-01-22 06:00:00,159.11840239921017
2023-01-22 07:00:00,152.89580393360643
2023-01-22 08:00:00,149.31751532920845
2023-01-22 09:00:00,136.14570348377268
2023-01-22 10:00:00,142.96662083554781
2023-01-22 11:00:00,169.8194924430799
2023-01-22 12:00:00,164.9441609541699
2023-01-22 13:00:00,135.59336896154684
2023-01-22 14:00:00,157.35426213717278
2023-01-22 15:00:00,170.62296386829806
2023-01-22 16:00:00,122.43916159156491
2023-01-22 17:00:00,166.9309341111892
2023-01-22 18:00:00,143.05211172463194
2023-01-22 19:00:00,167.96178642026737
2023-01-22 20:00:00,141.53420104489595
2023-01-22 21:00:00,120.95563331538001
2023-01-22 22:00:00,124.76061236060957
2023-01-22 23:00:00,158.53561465941743
2023-01-23 00:00:00,163.0350629416088
2023-01-23 01:00:00,140.02519348965694
2023-01-23 02:00:00,171.1584770643524
2023-01-23 03:00:00,125.43548984301901
2023-01-23 04:00:00,157.6276916914913
2023-01-23 05:00:00,135.01646528225268
2023-01-23 06:00:00,146.49164502162586
2023-01-23 07:00:00,160.7719656337205
2023-01-23 08:00:00,142.91536749873575
2023-01-23 09:00:00,152.7361541201302
2023-01-23 10:00:00,180.8607086298498
2023-01-23 11:00:00,149.50852897796688
2023-01-23 12:00:00,178.07561786350348
2023-01-23 13:00:00,139.08691157305842
2023-01-23 14:00:00,172.6002371317276
2023-01-23 15:00:00,191.1624304467707
2023-01-23 16:00:00,113.2288393540636
2023-01-23 17:00:00,147.05822936614572
2023-01-23 18:00:00,174.87568249382798
2023-01-23 19:00:00,159.61510424946948
2023-01-23 20:00:00,171.4443338264008
2023-01-23 21:00:00,152.2907148416855
2023-01-23 22:00:00,166.4547794709384
2023-01-23 23:00:00,161.96553183134773
2023-01-24 00:00:00,188.79430265333983
2023-01-24 01:00:00,170.89011927217922
2023-01-24 02:00:00,172.9202164349312
2023-01-24 03:00:00,158.30046781373755
2023-01-24 04:00:00,157.15907276889828
2023-01-24 05:00:00,158.63653246081802
2023-01-24 06:00:00,175.55650923475676
2023-01-24 07:00:00,159.63078016718356
2023-01-24 08:00:00,174.23216524431223
2023-01-24 09:00:00,210.3340387089745
2023-01-24 10:00:00,186.64098880612954
2023-01-24 11:00:00,163.09357422044388
2023-01-24 12:00:00,194.0369120035767
2023-01-24 13:00:00,162.2527135080185
2023-01-24 14:00:00,130.05627622629254
2023-01-24 15:00:00,151.06450477189105
2023-01-24 16:00:00,134.22073398303445
2023-01-24 17:00:00,165.01948045516139
2023-01-24 18:00:00,172.83409045390917
2023-01-24 19:00:00,206.41319525452218
2023-01-24 20:00:00,179.84443415570104
2023-01-24 21:00:00,169.34798316472876
2023-01-24 22:00:00,190.74483940379835
2023-01-24 23:00:00,130.36333994487939
2023-01-25 00:00:00,179.7301970063262
2023-01-25 01:00:00,190.8695676296093
2023-01-25 02:00:00,146.31735149715658
2023-01-25 03:00:00,199.20338101004182
2023-01-25 04:00:00,183.5398191792004
2023-01-25 05:00:00,168.90804662624376
2023-01-25 06:00:00,190.3156347018542
2023-01-25 07:00:00,223.52228099293058
2023-01-25 08:00:00,182.1963645345001
2023-01-25 09:00:00,183.97621083401376
2023-01-25 10:00:00,170.27943959447805
2023-01-25 11:00:00,162.92668199039343
2023-01-25 12:00:00,196.98920513131222
2023-01-25 13:00:00,163.72169343776008
2023-01-25 14:00:00,182.73749150287603
2023-01-25 15:00:00,172.21768399348258
2023-01-25 16:00:00,191.81691851552569
2023-01-25 17:00:00,189.37882943114752
2023-01-25 18:00:00,203.92638096223277
2023-01-25 19:00:00,173.44693127941804
2023-01-25 20:00:00,178.72307299053082
2023-01-25 21:00:00,165.02019775023496
2023-01-25 22:00:00,176.1860476737981
2023-01-25 23:00:00,193.095856341929
2023-01-26 00:00:00,201.16899742296073
2023-01-26 01:00:00,168.0666942813717
2023-01-26 02:00:00,204.38424383058978
2023-01-26 03:00:00,214.58830804474528
2023-01-26 04:00:00,196.22892680776607
2023-01-26 05:00:00,225.98202683619172
2023-01-26 06:00:00,173.45736382401063
2023-01-26 07:00:00,164.5281976369024
2023-01-26 08:00:00,154.336088484108
2023-01-26 09:00:00,220.3215903932859
2023-01-26 10:00:00,203.9791879134764
2023-01-26 11:00:00,190.27226279601038
2023-01-26 12:00:00,197.47627176563867
2023-01-26 13:00:00,169.8608736216044
2023-01-26 14:00:00,241.78021241642364
2023-01-26 15:00:00,195.9448281968787
2023-01-26 16:00:00,196.04419613677035
2023-01-26 17:00:00,208.86814277480045
2023-01-26 18:00:00,204.47006969797937
2023-01-26 19:00:00,199.82515532244818
2023-01-26 20:00:00,180.03604075021894
2023-01-26 21:00:00,205.77336746765675
2023-01-26 22:00:00,234.48332631717005
2023-01-26 23:00:00,224.25038908723175
2023-01-27 00:00:00,229.7051382723515
2023-01-27 01:00:00,188.11672564399845
2023-01-27 02:00:00,179.04874209520943
2023-01-27 03:00:00,196.82501534133098
2023-01-27 04:00:00,200.95523315611698
2023-01-27 05:00:00,222.22456237315748
2023-01-27 06:00:00,166.9914024299211
2023-01-27 07:00:00,231.93158036510695
2023-01-27 08:00:00,198.68016089971155
2023-01-27 09:00:00,193.8022583373861
2023-01-27 10:00:00,182.59711911015054
2023-01-27 11:00:00,170.24111613876244
2023-01-27 12:00:00,220.30037039386423
2023-01-27 13:00:00,205.80164350426816
2023-01-27 14:00:00,179.03395808674978
2023-01-27 15:00:00,179.42900924778885
2023-01-27 16:00:00,199.11176625672212
2023-01-27 17:00:00,239.704183560608
2023-01-27 18:00:00,201.6275864698078
2023-01-27 19:00:00,177.25153294131061
2023-01-27 20:00:00,202.8937777954417
2023-01-27 21:00:00,202.84763389829445
2023-01-27 22:00:00,154.85700844689276
2023-01-27 23:00:00,208.20060052104267
2023-01-28 00:00:00,205.15863515085366
2023-01-28 01:00:00,224.1913032304961
2023-01-28 02:00:00,247.73512130329766
2023-01-28 03:00:00,233.77504787453182
2023-01-28 04:00:00,206.35259698630745
2023-01-28 05:00:00,190.08530310909347
2023-01-28 06:00:00,264.1672462634983
2023-01-28 07:00:00,214.3673777989287
2023-01-28 08:00:00,213.94323558710957
2023-01-28 09:00:00,213.66242218327457
2023-01-28 10:00:00,218.5854788368506
2023-01-28 11:00:00,212.21397271285778
2023-01-28 12:00:00,204.1038280380642
2023-01-28 13:00:00,205.11421888135666
2023-01-28 14:00:00,215.86905670594558
2023-01-28 15:00:00,206.12669869325035
2023-01-28 16:00:00,203.20765096279348
2023-01-28 17:00:00,220.06079722847795
2023-01-28 18:00:00,213.29848118020212
2023-01-28 19:00:00,248.941878367031
2023-01-28 20:00:00,166.30472930813374
2023-01-28 21:00:00,241.6144369986158
2023-01-28 22:00:00,245.16419988078252
2023-01-28 23:00:00,179.2308632205959
2023-01-29 00:00:00,214.29901797554288
2023-01-29 01:00:00,214.17593926626654
2023-01-29 02:00:00,193.9043489632037
2023-01-29 03:00:00,206.9458699372134
2023-01-29 04:00:00,200.73605740956793
2023-01-29 05:00:00,258.4360590789017
2023-01-29 06:00:00,242.5449549193942
2023-01-29 07:00:00,249.70084268349768
2023-01-29 08:00:00,239.1391088377951
2023-01-29 09:00:00,202.55808835973406
2023-01-29 10:00:00,215.07966079420214
2023-01-29 11:00:00,235.78594269477128
2023-01-29 12:00:00,201.98168081930766
2023-01-29 13:00:00,241.10734872584834
2023-01-29 14:00:00,222.46133056885242
2023-01-29 15:00:00,220.18915402950756
2023-01-29 16:00:00,242.31973265910696
2023-01-29 17:00:00,237.39795260938314
2023-01-29 18:00:00,221.7026649030284
2023-01-29 19:00:00,252.5149939517223
2023-01-29 20:00:00,208.11060818211848
2023-01-29 21:00:00,242.4510905599839
2023-01-29 22:00:00,242.39189405471663
2023-01-29 23:00:00,224.7333776218714
2023-01-30 00:00:00,237.83831196092515
2023-01-30 01:00:00,206.681593557253
2023-01-30 02:00:00,250.56944867788468
2023-01-30 03:00:00,228.77269990958578
2023-01-30 04:00:00,222.39486952555868
2023-01-30 05:00:00,254.20481684455189
2023-01-30 06:00:00,219.5097384732879
2023-01-30 07:00:00,205.79600667996957
2023-01-30 08:00:00,203.19787296490387
2023-01-30 09:00:00,246.81244627340098
2023-01-30 10:00:00,209.44198181185428
2023-01-30 11:00:00,270.5012690890815
2023-01-30 12:00:00,194.11807337029344
2023-01-30 13:00:00,270.0334893359867
2023-01-30 14:00:00,240.6688013503462
2023-01-30 15:00:00,234.85463499016686
2023-01-30 16:00:00,226.2272818536111
2023-01-30 17:00:00,245.4414397036259
2023-01-30 18:00:00,237.03533135435575
2023-01-30 19:00:00,260.179592258401
2023-01-30 20:00:00,240.71982548282858
2023-01-30 21:00:00,241.75918213512088
2023-01-30 22:00:00,231.7949017755054
2023-01-30 23:00:00,238.2383259772142
2023-01-31 00:00:00,245.83942857029885
2023-01-31 01:00:00,205.7822117738974
2023-01-31 02:00:00,213.32005909484639
2023-01-31 03:00:00,255.44320898416174
2023-01-31 04:00:00,244.28533767411747
2023-01-31 05:00:00,237.47437722352169
2023-01-31 06:00:00,241.8046222807996
2023-01-31 07:00:00,248.66533383580958
2023-01-31 08:00:00,231.19209089626176
2023-01-31 09:00:00,226.6905760748146
2023-01-31 10:00:00,246.43873613338187
2023-01-31 11:00:00,223.21528378002657
2023-01-31 12:00:00,251.2044245092345
2023-01-31 13:00:00,209.24002347173268
2023-01-31 14:00:00,264.1228053310674
2023-01-31 15:00:00,253.235285327905
2023-01-31 16:00:00,249.14319516392925
2023-01-31 17:00:00,263.91128273120717
2023-01-31 18:00:00,277.7973888067695
2023-01-31 19:00:00,265.00128933018306
2023-01-31 20:00:00,208.11792016394844
2023-01-31 21:00:00,219.5608887135952
2023-01-31 22:00:00,232.86856454694563
2023-01-31 23:00:00,246.09472870181972
2023-02-01 00:00:00,256.1295024509369
2023-02-01 01:00:00,231.46028252837922
2023-02-01 02:00:00,249.90473335331748
2023-02-01 03:00:00,231.2513617877049
2023-02-01 04:00:00,234.31365088251673
2023-02-01 05:00:00,218.59111715106786
2023-02-01 06:00:00,228.43533391651889
2023-02-01 07:00:00,220.03727651631425
2023-02-01 08:00:00,227.71976630136106
2023-02-01 09:00:00,268.47160634155944
2023-02-01 10:00:00,228.56759184371657
2023-02-01 11:00:00,300.35525461072353
2023-02-01 12:00:00,257.7212443036386
2023-02-01 13:00:00,251.69409628321378
2023-02-01 14:00:00,230.96790603160423
2023-02-01 15:00:00,262.2741335832694
2023-02-01 16:00:00,236.88322707681886
2023-02-01 17:00:00,250.95938794293596
2023-02-01 18:00:00,299.83923858512657
2023-02-01 19:00:00,246.82984228072883
2023-02-01 20:00:00,271.84512419300466
2023-02-01 21:00:00,234.89986063179225
2023-02-01 22:00:00,248.36245449327888
2023-02-01 23:00:00,284.57216600329116
2023-02-02 00:00:00,236.70582554782268
2023-02-02 01:00:00,285.5782268008809
2023-02-02 02:00:00,263.5634504029595
2023-02-02 03:00:00,238.23329142887656
2023-02-02 04:00:00,262.2000487593249
2023-02-02 05:00:00,269.067294854097
2023-02-02 06:00:00,262.1117554100147
2023-02-02 07:00:00,218.32544455774968
2023-02-02 08:00:00,235.23660527649537
2023-02-02 09:00:00,244.87340802599994
2023-02-02 10:00:00,248.37456176251237
2023-02-02 11:00:00,262.3111356215282
2023-02-02 12:00:00,253.48118728739533
2023-02-02 13:00:00,223.24476101762278
2023-02-02 14:00:00,257.57509101184564
2023-02-02 15:00:00,262.19733762554773
2023-02-02 16:00:00,261.19092188601957
2023-02-02 17:00:00,271.61521817638834
2023-02-02 18:00:00,266.67753757547086
2023-02-02 19:00:00,259.1771870204757
2023-02-02 20:00:00,248.57976284126576
2023-02-02 21:00:00,216.74835176859602
2023-02-02 22:00:00,258.5394314746403
2023-02-02 23:00:00,254.0753228232368
2023-02-03 00:00:00,255.32265569656118
2023-02-03 01:00:00,224.32062824260717
2023-02-03 02:00:00,228.19400423877804
2023-02-03 03:00:00,270.83274592953904
2023-02-03 04:00:00,248.92816267427392
2023-02-03 05:00:00,263.29388470224296
2023-02-03 06:00:00,250.16987693509412
2023-02-03 07:00:00,250.13331055048909
2023-02-03 08:00:00,268.233588450689
2023-02-03 09:00:00,239.07179558740654
2023-02-03 10:00:00,251.23494428330386
2023-02-03 11:00:00,239.9819303513327
2023-02-03 12:00:00,240.44749625514677
2023-02-03 13:00:00,242.8590493116472
2023-02-03 14:00:00,253.38533398261163
2023-02-03 15:00:00,239.26295866051564
2023-02-03 16:00:00,273.8434423966922
2023-02-03 17:00:00,230.72168984088654
2023-02-03 18:00:00,244.75705765902714
2023-02-03 19:00:00,239.57567462510625
2023-02-03 20:00:00,277.18082173672923
2023-02-03 21:00:00,252.0385037527468
2023-02-03 22:00:00,268.60563248401587
2023-02-03 23:00:00,218.11407087183602
2023-02-04 00:00:00,253.01803779991388
2023-02-04 01:00:00,265.3166348814332
2023-02-04 02:00:00,249.011932878615
2023-02-04 03:00:00,268.513358132718
2023-02-04 04:00:00,236.6907588319812
2023-02-04 05:00:00,275.05155022669146
2023-02-04 06:00:00,292.6659510632675
2023-02-04 07:00:00,239.24993579003947
2023-02-04 08:00:00,237.41072434682286
2023-02-04 09:00:00,275.19790005432105
2023-02-04 10:00:00,277.5264761811005
2023-02-04 11:00:00,235.27806201289252
2023-02-04 12:00:00,237.12718201536936
2023-02-04 13:00:00,239.68632892751157
2023-02-04 14:00:00,218.21958146712913
2023-02-04 15:00:00,226.51761251964527
2023-02-04 16:00:00,224.58540684806624
2023-02-04 17:00:00,229.0853748298085
2023-02-04 18:00:00,243.51628823736002
2023-02-04 19:00:00,248.65851952727365
2023-02-04 20:00:00,274.7440762384298
2023-02-04 21:00:00,223.52245370278413
2023-02-04 22:00:00,262.9271017052928
2023-02-04 23:00:00,238.70767204011224
2023-02-05 00:00:00,241.74067121136537
2023-02-05 01:00:00,255.96455876860543
2023-02-05 02:00:00,219.74770523338424
2023-02-05 03:00:00,249.5800971482699
2023-02-05 04:00:00,244.98650979352942
2023-02-05 05:00:00,251.22788860226217
2023-02-05 06:00:00,246.87949604123648
2023-02-05 07:00:00,289.9152762242093
2023-02-05 08:00:00,227.76354311054143
2023-02-05 09:00:00,229.60342126459332
2023-02-05 10:00:00,227.46154510267922
2023-02-05 11:00:00,228.51181611222134
2023-02-05 12:00:00,226.5666567107161
2023-02-05 13:00:00,262.78383923325373
2023-02-05 14:00:00,267.0988026067977
2023-02-05 15:00:00,226.95513196838482
2023-02-05 16:00:00,221.40044960385413
2023-02-05 17:00:00,247.14957069183075
2023-02-05 18:00:00,226.34672508212506
2023-02-05 19:00:00,249.71600963905897
2023-02-05 20:00:00,240.77831531073167
2023-02-05 21:00:00,206.06378224862837
2023-02-05 22:00:00,266.98394039390206
2023-02-05 23:00:00,271.60295829433056
2023-02-06 00:00:00,223.07763097710617
2023-02-06 01:00:00,227.22384023141373
2023-02-06 02:00:00,240.33614812997612
2023-02-06 03:00:00,240.94548314538054
2023-02-06 04:00:00,247.06131422307095
2023-02-06 05:00:00,273.7252119542806
2023-02-06 06:00:00,229.6095169542281
2023-02-06 07:00:00,216.8065421199688
2023-02-06 08:00:00,204.80685073568532
2023-02-06 09:00:00,217.3921434858402
2023-02-06 10:00:00,230.96251276815238
2023-02-06 11:00:00,267.1273549580654
2023-02-06 12:00:00,220.4919935753288
2023-02-06 13:00:00,234.92491606092065
2023-02-06 14:00:00,229.72259168844946
2023-02-06 15:00:00,253.41780258070943
2023-02-06 16:00:00,279.7845081620605
2023-02-06 17:00:00,218.22148215742902
2023-02-06 18:00:00,218.64018287498902
2023-02-06 19:00:00,248.89946050277118
2023-02-06 20:00:00,241.23854238900287
2023-02-06 21:00:00,264.1165686980251
2023-02-06 22:00:00,238.43997725708508
2023-02-06 23:00:00,219.151886983032
2023-02-07 00:00:00,237.72450690989496
2023-02-07 01:00:00,247.65657228554568
2023-02-07 02:00:00,241.46068644684152
2023-02-07 03:00:00,234.7625605106404
2023-02-07 04:00:00,245.51414905840306
2023-02-07 05:00:00,247.1277244082828
2023-02-07 06:00:00,250.9437755913941
2023-02-07 07:00:00,235.83124665355055
2023-02-07 08:00:00,219.06885474069216
2023-02-07 09:00:00,224.89741641800848
2023-02-07 10:00:00,245.64305206585556
2023-02-07 11:00:00,204.7217380929439
2023-02-07 12:00:00,227.97939043954585
2023-02-07 13:00:00,212.28256018968517
2023-02-07 14:00:00,220.26563015222072
2023-02-07 15:00:00,244.7991991460019
2023-02-07 16:00:00,222.58964845442114
2023-02-07 17:00:00,219.23202650624353
2023-02-07 18:00:00,190.63997085831804
2023-02-07 19:00:00,232.29417943875313
2023-02-07 20:00:00,229.8090692849849
2023-02-07 21:00:00,259.6930677477438
2023-02-07 22:00:00,209.79935341840758
2023-02-07 23:00:00,219.86327402806336
2023-02-08 00:00:00,219.99174249246926
2023-02-08 01:00:00,246.07543536261485
2023-02-08 02:00:00,212.14130744382607
2023-02-08 03:00:00,219.14709222108843
2023-02-08 04:00:00,225.24267885926392
2023-02-08 05:00:00,216.33370962334922
2023-02-08 06:00:00,203.1883732222856
2023-02-08 07:00:00,215.51315202988263
2023-02-08 08:00:00,232.61713070220776
2023-02-08 09:00:00,190.1262188096035
2023-02-08 10:00:00,212.8268817299753
2023-02-08 11:00:00,195.67501865711554
2023-02-08 12:00:00,233.087346507826
2023-02-08 13:00:00,178.23073617334617
2023-02-08 14:00:00,197.02322822310092
2023-02-08 15:00:00,215.25227340965193
2023-02-08 16:00:00,238.5241164357097
2023-02-08 17:00:00,205.4035092146506
2023-02-08 18:00:00,195.11873064148912
2023-02-08 19:00:00,243.34944703647565
2023-02-08 20:00:00,176.2690394858569
2023-02-08 21:00:00,160.75568728090636
2023-02-08 22:00:00,213.03411115680274
2023-02-08 23:00:00,193.69433003242452
2023-02-09 00:00:00,182.81197700226403
2023-02-09 01:00:00,216.90465745562952
2023-02-09 02:00:00,207.11416419926098
2023-02-09 03:00:00,190.45697491016975
2023-02-09 04:00:00,175.63268329925
2023-02-09 05:00:00,218.1880177099394
2023-02-09 06:00:00,213.24292068867965
2023-02-09 07:00:00,197.75538194957483
2023-02-09 08:00:00,236.17166735163173
2023-02-09 09:00:00,177.3373364162939
2023-02-09 10:00:00,167.72875873223578
2023-02-09 11:00:00,183.90150723333684
2023-02-09 12:00:00,196.32858081533632
2023-02-09 13:00:00,201.60799860797064
2023-02-09 14:00:00,191.41772281978294
2023-02-09 15:00:00,202.78516201505923
2023-02-09 16:00:00,170.21530129987306
2023-02-09 17:00:00,223.62389295111586
2023-02-09 18:00:00,192.60861352330483
2023-02-09 19:00:00,216.10116477592493
2023-02-09 20:00:00,200.1139905947043
2023-02-09 21:00:00,201.89945761922993
2023-02-09 22:00:00,203.66537196444915
2023-02-09 23:00:00,200.73060367472453
2023-02-10 00:00:00,204.13811613620192
2023-02-10 01:00:00,217.37481163261495
2023-02-10 02:00:00,194.23120533133445
2023-02-10 03:00:00,203.99084791013772
2023-02-10 04:00:00,187.52706860791855
2023-02-10 05:00:00,217.63620435080026
2023-02-10 06:00:00,174.81920815346388
2023-02-10 07:00:00,223.88022229057384
2023-02-10 08:00:00,186.57382790570023
2023-02-10 09:00:00,158.2783204532447
2023-02-10 10:00:00,188.9740569776686
2023-02-10 11:00:00,172.31044050561115
2023-02-10 12:00:00,202.26525645144994
2023-02-10 13:00:00,171.92227245152424
2023-02-10 14:00:00,175.57495245144824
2023-02-10 15:00:00,146.2332256999757
2023-02-10 16:00:00,174.50493071970212
2023-02-10 17:00:00,134.60213223848396
2023-02-10 18:00:00,150.93201598175077
2023-02-10 19:00:00,197.35045823301658
2023-02-10 20:00:00,197.39204671042023
2023-02-10 21:00:00,189.7209055807522
2023-02-10 22:00:00,161.4098210990266
2023-02-10 23:00:00,179.33463150489092
2023-02-11 00:00:00,179.75829360975015
2023-02-11 01:00:00,156.20655332029452
2023-02-11 02:00:00,208.9873784501734
2023-02-11 03:00:00,196.01433157822018
2023-02-11 04:00:00,173.59762891546922
2023-02-11 05:00:00,178.10665408775048
2023-02-11 06:00:00,181.29086147018498
2023-02-11 07:00:00,135.84506360652713
2023-02-11 08:00:00,171.29510099284906
2023-02-11 09:00:00,162.1602274668877
2023-02-11 10:00:00,155.33119600111868
2023-02-11 11:00:00,169.30773773332095
2023-02-11 12:00:00,210.45212852480273
2023-02-11 13:00:00,186.88645974887464
2023-02-11 14:00:00,162.21982028173977
2023-02-11 15:00:00,184.6714888964086
2023-02-11 16:00:00,200.78605318725155
2023-02-11 17:00:00,190.87344938291992
2023-02-11 18:00:00,173.15797629161267
2023-02-11 19:00:00,158.61402994739092
2023-02-11 20:00:00,185.10747308181124
2023-02-11 21:00:00,178.60584150128318
2023-02-11 22:00:00,188.23605153894582
2023-02-11 23:00:00,182.63464327413658
2023-02-12 00:00:00,190.52428850320865
2023-02-12 01:00:00,158.43360357312676
2023-02-12 02:00:00,195.09434886804243
2023-02-12 03:00:00,172.3097447274216
2023-02-12 04:00:00,209.4774193626647
2023-02-12 05:00:00,153.8060975780732
2023-02-12 06:00:00,201.9300230204723
2023-02-12 07:00:00,170.79313454170304
2023-02-12 08:00:00,153.4340471959192
2023-02-12 09:00:00,156.41553271420506
2023-02-12 10:00:00,159.32053600529338
2023-02-12 11:00:00,173.8484610943291
2023-02-12 12:00:00,175.4629753810328
2023-02-12 13:00:00,153.17688833985997
2023-02-12 14:00:00,163.81195425342125
2023-02-12 15:00:00,206.796181016527
2023-02-12 16:00:00,198.15696988452737
2023-02-12 17:00:00,171.99155187324087
2023-02-12 18:00:00,163.687793501911
2023-02-12 19:00:00,164.99470312841163
2023-02-12 20:00:00,174.53452926532327
2023-02-12 21:00:00,141.4821852749878
2023-02-12 22:00:00,156.468178763354
2023-02-12 23:00:00,127.92553936419606
2023-02-13 00:00:00,168.96706486944402
2023-02-13 01:00:00,173.6158044942277
2023-02-13 02:00:00,150.70137251567652
2023-02-13 03:00:00,191.54201654575064
2023-02-13 04:00:00,135.24814127677985
2023-02-13 05:00:00,130.18115381052283
2023-02-13 06:00:00,163.66693776489382
2023-02-13 07:00:00,179.83319960075497
2023-02-13 08:00:00,192.2872303748747
2023-02-13 09:00:00,149.1525733833967
2023-02-13 10:00:00,179.62962434387092
2023-02-13 11:00:00,157.0157816839796
2023-02-13 12:00:00,154.06756984364043
2023-02-13 13:00:00,174.93172731366926
2023-02-13 14:00:00,170.04767296520907
2023-02-13 15:00:00,125.2203589328887
2023-02-13 16:00:00,186.03032088647427
2023-02-13 17:00:00,183.85700280664858
2023-02-13 18:00:00,143.5039579712259
2023-02-13 19:00:00,163.6957173900276
2023-02-13 20:00:00,165.42910716527481
2023-02-13 21:00:00,160.53528058705206
2023-02-13 22:00:00,144.09347180686058
2023-02-13 23:00:00,141.44936714329776
2023-02-14 00:00:00,154.1575244794712
2023-02-14 01:00:00,177.9144907833627
2023-02-14 02:00:00,165.1277719599496
2023-02-14 03:00:00,146.64391508121753
2023-02-14 04:00:00,169.29520313232655
2023-02-14 05:00:00,96.70001754183738
2023-02-14 06:00:00,176.46045787135725
2023-02-14 07:00:00,118.50979364468085
2023-02-14 08:00:00,145.8788453026727
2023-02-14 09:00:00,130.56254834323173
2023-02-14 10:00:00,126.89530319252896
2023-02-14 11:00:00,175.84317599309676
2023-02-14 12:00:00,143.11506105436567
2023-02-14 13:00:00,159.2463606021779
2023-02-14 14:00:00,151.2298376089069
2023-02-14 15:00:00,161.56581508510175
2023-02-14 16:00:00,153.42298317616005
2023-02-14 17:00:00,126.09305899086925
2023-02-14 18:00:00,171.54942265271592
2023-02-14 19:00:00,141.6249749407398
2023-02-14 20:00:00,120.24933891988721
2023-02-14 21:00:00,142.70440582467506
2023-02-14 22:00:00,181.17251029607527
2023-02-14 23:00:00,168.05723899290422
2023-02-15 00:00:00,143.98014580851822
2023-02-15 01:00:00,143.87332339662603
2023-02-15 02:00:00,144.3359795562667
2023-02-15 03:00:00,192.21876644036692
2023-02-15 04:00:00,158.2425735805433
2023-02-15 05:00:00,159.12969481887882
2023-02-15 06:00:00,171.0644753674262
2023-02-15 07:00:00,155.16948795713867
2023-02-15 08:00:00,145.15272093819726
2023-02-15 09:00:00,146.35139255314067
2023-02-15 10:00:00,148.79616214639987
2023-02-15 11:00:00,149.43851754411537
2023-02-15 12:00:00,164.69530974894133
2023-02-15 13:00:00,151.14637888080208
2023-02-15 14:00:00,164.72999420972857
2023-02-15 15:00:00,148.4375848031375
2023-02-15 16:00:00,151.60433871825933
2023-02-15 17:00:00,110.05233652279236
2023-02-15 18:00:00,168.3326173323069
2023-02-15 19:00:00,156.9305463329946
2023-02-15 20:00:00,169.96069186965786
2023-02-15 21:00:00,92.08009487538777
2023-02-15 22:00:00,191.78240873976668
2023-02-15 23:00:00,147.2378327528207
2023-02-16 00:00:00,172.21298931827317
2023-02-16 01:00:00,129.2759171336871
2023-02-16 02:00:00,162.35920902495153
2023-02-16 03:00:00,129.070104493057
2023-02-16 04:00:00,137.70270749231713
2023-02-16 05:00:00,188.50336688308334
2023-02-16 06:00:00,146.45872257453362
2023-02-16 07:00:00,154.67563155894936
2023-02-16 08:00:00,167.78789947588078
2023-02-16 09:00:00,160.36471469247795
2023-02-16 10:00:00,153.5289419578336
2023-02-16 11:00:00,157.89421872860459
2023-02-16 12:00:00,198.742685667325
2023-02-16 13:00:00,149.60630582666633
2023-02-16 14:00:00,154.86989459720496
2023-02-16 15:00:00,171.95514864629914
2023-02-16 16:00:00,173.15163220159383
2023-02-16 17:00:00,174.88566831777578
2023-02-16 18:00:00,164.02850076435294
2023-02-16 19:00:00,128.50750675610666
2023-02-16 20:00:00,184.1548075426574
2023-02-16 21:00:00,128.68269226406318
2023-02-16 22:00:00,157.7905716566814
2023-02-16 23:00:00,136.78543375252383
2023-02-17 00:00:00,150.72608508687875
2023-02-17 01:00:00,158.72680056544144
2023-02-17 02:00:00,158.726181813901
2023-02-17 03:00:00,160.8897077916238
2023-02-17 04:00:00,184.88252812121914
2023-02-17 05:00:00,161.8407379336869
2023-02-17 06:00:00,148.05339131640693
2023-02-17 07:00:00,172.38944581517802
2023-02-17 08:00:00,177.07297984577292
2023-02-17 09:00:00,128.91195298647256
2023-02-17 10:00:00,165.59730345843317
2023-02-17 11:00:00,167.86258471104594
2023-02-17 12:00:00,148.0823036495664
2023-02-17 13:00:00,181.74675043925993
2023-02-17 14:00:00,151.43511958908167
2023-02-17 15:00:00,157.15593389476507
2023-02-17 16:00:00,151.39567735698012
2023-02-17 17:00:00,155.38591806260695
2023-02-17 18:00:00,133.37055117024462
2023-02-17 19:00:00,126.72122141088984
2023-02-17 20:00:00,187.64297422093125
2023-02-17 21:00:00,139.04870455955324
2023-02-17 22:00:00,136.39954427645245
2023-02-17 23:00:00,113.40342595755945
2023-02-18 00:00:00,143.94018308080206
2023-02-18 01:00:00,130.51013999353
2023-02-18 02:00:00,190.0690596620525
2023-02-18 03:00:00,177.68619593253436
2023-02-18 04:00:00,143.99219590764423
2023-02-18 05:00:00,203.0734920281169
2023-02-18 06:00:00,177.93385625852324
2023-02-18 07:00:00,152.0798595565766
2023-02-18 08:00:00,108.8704559540931
2023-02-18 09:00:00,204.96361883688536
2023-02-18 10:00:00,131.6436006725202
2023-02-18 11:00:00,126.82141415257104
2023-02-18 12:00:00,180.4791638433505
2023-02-18 13:00:00,209.12516663256162
2023-02-18 14:00:00,188.32190513369625
2023-02-18 15:00:00,172.2248977445636
2023-02-18 16:00:00,173.15597405277404
2023-02-18 17:00:00,178.6472441500219
2023-02-18 18:00:00,177.07939259978372
2023-02-18 19:00:00,167.85034699923887
2023-02-18 20:00:00,164.64001563136202
2023-02-18 21:00:00,161.63735039624876
2023-02-18 22:00:00,148.1468516265994
2023-02-18 23:00:00,157.95324967130603
2023-02-19 00:00:00,130.05186602396054
2023-02-19 01:00:00,162.29206974089516
2023-02-19 02:00:00,144.83847418668185
2023-02-19 03:00:00,142.89348297917056
2023-02-19 04:00:00,168.92162878421342
2023-02-19 05:00:00,193.52573552222086
2023-02-19 06:00:00,184.41739735198541
2023-02-19 07:00:00,135.00982346127205
2023-02-19 08:00:00,146.9994010925885
2023-02-19 09:00:00,185.98283664996356
2023-02-19 10:00:00,147.89639731698762
2023-02-19 11:00:00,163.43545984380438
2023-02-19 12:00:00,179.3143496412161
2023-02-19 13:00:00,149.33477202326094
2023-02-19 14:00:00,171.20065451106754
2023-02-19 15:00:00,142.8072084172045
2023-02-19 16:00:00,157.85799056670618
2023-02-19 17:00:00,176.68161869930302
2023-02-19 18:00:00,138.82971329377747
2023-02-19 19:00:00,179.9056216883558
2023-02-19 20:00:00,171.11280027857168
2023-02-19 21:00:00,182.96763409403474
2023-02-19 22:00:00,176.8112046286692
2023-02-19 23:00:00,200.0335841732865
2023-02-20 00:00:00,175.6758441529364
2023-02-20 01:00:00,165.0065046458747
2023-02-20 02:00:00,176.4664674138757
2023-02-20 03:00:00,185.31497774542328
2023-02-20 04:00:00,175.8572734596662
2023-02-20 05:00:00,176.12547273754777
2023-02-20 06:00:00,161.70984063318983
2023-02-20 07:00:00,162.93011652651327
2023-02-20 08:00:00,148.57687109641478
2023-02-20 09:00:00,212.06369013389482
2023-02-20 10:00:00,152.64036206544424
2023-02-20 11:00:00,164.1072425390531
2023-02-20 12:00:00,164.04712435227705
2023-02-20 13:00:00,196.7658388262859
2023-02-20 14:00:00,173.4225525925534
2023-02-20 15:00:00,204.73265031101766
2023-02-20 16:00:00,166.76628127407716
2023-02-20 17:00:00,186.2762382789963
2023-02-20 18:00:00,164.4516055933011
2023-02-20 19:00:00,224.52560496757297
2023-02-20 20:00:00,158.3365675075684
2023-02-20 21:00:00,188.75265470023757
2023-02-20 22:00:00,195.70122708329134
2023-02-20 23:00:00,191.77281779954
2023-02-21 00:00:00,180.26387936147893
2023-02-21 01:00:00,181.8476182562751
2023-02-21 02:00:00,185.79621698624803
2023-02-21 03:00:00,182.4574107984969
2023-02-21 04:00:00,205.15395669411402
2023-02-21 05:00:00,230.5671702679864
2023-02-21 06:00:00,175.68857473155327
2023-02-21 07:00:00,159.92536718366784
2023-02-21 08:00:00,186.04006999852078
2023-02-21 09:00:00,239.8854013276703
2023-02-21 10:00:00,172.70439769301262
2023-02-21 11:00:00,222.04802184085491
2023-02-21 12:00:00,223.30857211555028
2023-02-21 13:00:00,179.17268563778833
2023-02-21 14:00:00,202.1149822404036
2023-02-21 15:00:00,223.7950497642325
2023-02-21 16:00:00,184.1372364078348
2023-02-21 17:00:00,188.14168596543718
2023-02-21 18:00:00,181.07395549260576
2023-02-21 19:00:00,172.90744899836136
2023-02-21 20:00:00,180.7127222875129
2023-02-21 21:00:00,169.71578759763202
2023-02-21 22:00:00,195.37316257797463
2023-02-21 23:00:00,179.78945971778518
2023-02-22 00:00:00,200.36255480449773
2023-02-22 01:00:00,165.0672671870839
2023-02-22 02:00:00,203.30150977672912
2023-02-22 03:00:00,213.8535409926253
2023-02-22 04:00:00,157.80758723850104
2023-02-22 05:00:00,205.66300158442456
2023-02-22 06:00:00,223.23500194594803
2023-02-22 07:00:00,174.98868546835882
2023-02-22 08:00:00,233.13291917337145
2023-02-22 09:00:00,208.56184907096366
2023-02-22 10:00:00,186.5812110687628
2023-02-22 11:00:00,200.06597778681456
2023-02-22 12:00:00,212.8476906114913
2023-02-22 13:00:00,203.70088509655807
2023-02-22 14:00:00,213.4553039485808
2023-02-22 15:00:00,184.76585105323312
2023-02-22 16:00:00,207.06536028106694
2023-02-22 17:00:00,175.9023069364558
2023-02-22 18:00:00,202.45011106558445
2023-02-22 19:00:00,187.09404742193198
2023-02-22 20:00:00,190.95865214238677
2023-02-22 21:00:00,230.88759832097017
2023-02-22 22:00:00,228.48780448288258
2023-02-22 23:00:00,219.33956558872066
2023-02-23 00:00:00,185.8050333023524
2023-02-23 01:00:00,201.81683990465123
2023-02-23 02:00:00,232.89986870677188
2023-02-23 03:00:00,211.9642950043548
2023-02-23 04:00:00,256.0076765674942
2023-02-23 05:00:00,217.97760949149207
2023-02-23 06:00:00,214.44139085230535
2023-02-23 07:00:00,204.9061750253361
2023-02-23 08:00:00,214.24630935072258
2023-02-23 09:00:00,209.01192393367762
2023-02-23 10:00:00,226.70811747925677
2023-02-23 11:00:00,232.1633589816335
2023-02-23 12:00:00,197.79158921543285
2023-02-23 13:00:00,187.36743400770314
2023-02-23 14:00:00,177.74730107241186
2023-02-23 15:00:00,225.1091033995538
2023-02-23 16:00:00,193.35831814942208
2023-02-23 17:00:00,172.84266927327388
2023-02-23 18:00:00,224.14529404750394
2023-02-23 19:00:00,266.7053157715506
2023-02-23 20:00:00,217.19382613960252
2023-02-23 21:00:00,234.5532472969311
2023-02-23 22:00:00,219.8864280879861
2023-02-23 23:00:00,216.73663199346507
2023-02-24 00:00:00,237.55866743038587
2023-02-24 01:00:00,213.8324419024039
2023-02-24 02:00:00,225.44461030624765
2023-02-24 03:00:00,226.9875417277073
2023-02-24 04:00:00,207.64654276847108
2023-02-24 05:00:00,241.30186425193028
2023-02-24 06:00:00,218.41234146331743
2023-02-24 07:00:00,207.24496160799436
2023-02-24 08:00:00,233.53615390203834
2023-02-24 09:00:00,205.2804090508903
2023-02-24 10:00:00,224.25487853268052
2023-02-24 11:00:00,223.9479930452049
2023-02-24 12:00:00,246.28498887032228
2023-02-24 13:00:00,234.4952900996087
2023-02-24 14:00:00,224.9325340437158
2023-02-24 15:00:00,242.2176036931058
2023-02-24 16:00:00,254.09304697370865
2023-02-24 17:00:00,237.86909153696993
2023-02-24 18:00:00,227.34125595709025
2023-02-24 19:00:00,201.31608366576512
2023-02-24 20:00:00,206.66638454593587
2023-02-24 21:00:00,222.2772163725514
2023-02-24 22:00:00,216.60168092126588
2023-02-24 23:00:00,225.4598342410461
2023-02-25 00:00:00,230.73667423330335
2023-02-25 01:00:00,240.59898591419804
2023-02-25 02:00:00,228.9936098695053
2023-02-25 03:00:00,240.52903257762802
2023-02-25 04:00:00,232.48082239341886
2023-02-25 05:00:00,192.0712180588345
2023-02-25 06:00:00,213.17989876961076
2023-02-25 07:00:00,229.4677161576016
2023-02-25 08:00:00,208.53519812149048
2023-02-25 09:00:00,245.1040204024917
2023-02-25 10:00:00,264.0935047567041
2023-02-25 11:00:00,258.2234196301266
2023-02-25 12:00:00,229.9456348738734
2023-02-25 13:00:00,264.3919033050566
2023-02-25 14:00:00,237.9101602784374
2023-02-25 15:00:00,228.55102862637244
2023-02-25 16:00:00,223.37710244685815
2023-02-25 17:00:00,229.94460517099057
2023-02-25 18:00:00,228.57570634310954
2023-02-25 19:00:00,240.08917708063603
2023-02-25 20:00:00,240.23027411861972
2023-02-25 21:00:00,237.41395491658596
2023-02-25 22:00:00,246.42230265201604
2023-02-25 23:00:00,261.82320117386433
2023-02-26 00:00:00,257.3242938121198
2023-02-26 01:00:00,208.954353870285
2023-02-26 02:00:00,187.8891274781199
2023-02-26 03:00:00,257.9652886152756
2023-02-26 04:00:00,212.24872878020614
2023-02-26 05:00:00,235.3944484713989
2023-02-26 06:00:00,216.78696080639384
2023-02-26 07:00:00,204.44505850566725
2023-02-26 08:00:00,251.6053193180614
2023-02-26 09:00:00,256.24648788422115
2023-02-26 10:00:00,229.81639028358794
2023-02-26 11:00:00,189.8048314498038
2023-02-26 12:00:00,230.97570478919067
2023-02-26 13:00:00,250.00740029937123
2023-02-26 14:00:00,212.85959815604122
2023-02-26 15:00:00,246.36729351972195
2023-02-26 16:00:00,242.6518937593649
2023-02-26 17:00:00,254.7976205802565
2023-02-26 18:00:00,245.8527766588787
2023-02-26 19:00:00,224.24482309461382
2023-02-26 20:00:00,267.87829398341455
2023-02-26 21:00:00,241.01253987769235
2023-02-26 22:00:00,243.8688896598255
2023-02-26 23:00:00,225.97702891931996
2023-02-27 00:00:00,235.99968652610517
2023-02-27 01:00:00,227.38773422278152
2023-02-27 02:00:00,241.83881591695467
2023-02-27 03:00:00,279.74132559441
2023-02-27 04:00:00,218.27400133139932
2023-02-27 05:00:00,213.64109326662918
2023-02-27 06:00:00,275.5314336143115
2023-02-27 07:00:00,242.11264859739404
2023-02-27 08:00:00,233.10413256959353
2023-02-27 09:00:00,267.46549777307746
2023-02-27 10:00:00,234.7322432112696
2023-02-27 11:00:00,283.53721384143296
2023-02-27 12:00:00,260.74330089899064
2023-02-27 13:00:00,237.58960077197548
2023-02-27 14:00:00,290.6523039194468
2023-02-27 15:00:00,235.54540133894008
2023-02-27 16:00:00,262.65040145379953
2023-02-27 17:00:00,253.93835902678865
2023-02-27 18:00:00,274.1265514008986
2023-02-27 19:00:00,279.4563586092385
2023-02-27 20:00:00,248.9958041445165
2023-02-27 21:00:00,233.4121147129572
2023-02-27 22:00:00,257.7998179285311
2023-02-27 23:00:00,235.16111062756784
2023-02-28 00:00:00,289.0933344247973
2023-02-28 01:00:00,251.66158502931498
2023-02-28 02:00:00,241.72484326774827
2023-02-28 03:00:00,252.82037321104866
2023-02-28 04:00:00,222.2748214671461
2023-02-28 05:00:00,229.87072495780504
2023-02-28 06:00:00,273.39201209769755
2023-02-28 07:00:00,236.32163823793115
2023-02-28 08:00:00,228.59214813110475
2023-02-28 09:00:00,260.32931380717037
2023-02-28 10:00:00,273.3712732372201
2023-02-28 11:00:00,264.0922220669636
2023-02-28 12:00:00,269.6851040053227
2023-02-28 13:00:00,234.67426657980235
2023-02-28 14:00:00,221.41499210301313
2023-02-28 15:00:00,279.9139304846169
2023-02-28 16:00:00,243.46472399214966
2023-02-28 17:00:00,244.9277319728982
2023-02-28 18:00:00,276.52935227437706
2023-02-28 19:00:00,261.1061502554998
2023-02-28 20:00:00,259.110388025854
2023-02-28 21:00:00,293.2987627773806
2023-02-28 22:00:00,237.12943473697075
2023-02-28 23:00:00,268.5526854331449
2023-03-01 00:00:00,251.12722934978433
2023-03-01 01:00:00,255.34489775440076
2023-03-01 02:00:00,280.5235087671056
2023-03-01 03:00:00,260.08694805397124
2023-03-01 04:00:00,260.66725421681076
2023-03-01 05:00:00,271.31758899797416
2023-03-01 06:00:00,242.5295105742114
2023-03-01 07:00:00,233.00051191658707
2023-03-01 08:00:00,228.83968305220543
2023-03-01 09:00:00,210.35492326911807
2023-03-01 10:00:00,290.7474176153525
2023-03-01 11:00:00,227.4953653758713
2023-03-01 12:00:00,245.06576198037885
2023-03-01 13:00:00,243.88092117390224
2023-03-01 14:00:00,255.4867321699127
2023-03-01 15:00:00,265.5698196878606
2023-03-01 16:00:00,266.37609696111565
2023-03-01 17:00:00,237.41171355764072
2023-03-01 18:00:00,245.63255590305133
2023-03-01 19:00:00,254.52341958010012
2023-03-01 20:00:00,243.7899412968871
2023-03-01 21:00:00,280.79774225543605
2023-03-01 22:00:00,258.3525316397481
2023-03-01 23:00:00,263.1079369371097
2023-03-02 00:00:00,261.54051420081214
2023-03-02 01:00:00,271.62004533987374
2023-03-02 02:00:00,251.63386371025106
2023-03-02 03:00:00,221.93485661982714
2023-03-02 04:00:00,255.7185305470989
2023-03-02 05:00:00,234.54613713193078
2023-03-02 06:00:00,236.84468758063704
2023-03-02 07:00:00,258.98330613599137
2023-03-02 08:00:00,271.85596617162327
2023-03-02 09:00:00,247.34530626850042
2023-03-02 10:00:00,252.92141302821344
2023-03-02 11:00:00,280.6092552750701
2023-03-02 12:00:00,251.19556712143367
2023-03-02 13:00:00,298.22507495286425
2023-03-02 14:00:00,257.30789561670707
2023-03-02 15:00:00,210.5841378238406
2023-03-02 16:00:00,260.6633358307937
2023-03-02 17:00:00,253.0122218957608
2023-03-02 18:00:00,270.9721212015666
2023-03-02 19:00:00,258.42418739815275
2023-03-02 20:00:00,241.97043892734973
2023-03-02 21:00:00,220.02811819693164
2023-03-02 22:00:00,240.10369072149484
2023-03-02 23:00:00,227.03939134884243
2023-03-03 00:00:00,232.20057105941177
2023-03-03 01:00:00,255.33946669889974
2023-03-03 02:00:00,276.7184904989424
2023-03-03 03:00:00,250.96200080585967
2023-03-03 04:00:00,218.89477194505156
2023-03-03 05:00:00,251.44406831887156
2023-03-03 06:00:00,266.2199712900597
2023-03-03 07:00:00,229.8227813745206
2023-03-03 08:00:00,239.06499222228064
2023-03-03 09:00:00,241.76182104638576
2023-03-03 10:00:00,225.48866571506125
2023-03-03 11:00:00,253.8666968496119
2023-03-03 12:00:00,238.19249132187457
2023-03-03 13:00:00,248.70840818187963
2023-03-03 14:00:00,222.27018901507356
2023-03-03 15:00:00,230.96913786211667
2023-03-03 16:00:00,253.86023052532124
2023-03-03 17:00:00,231.64629859961826
2023-03-03 18:00:00,273.32868667523104
2023-03-03 19:00:00,230.47925503873958
2023-03-03 20:00:00,242.6443952007228
2023-03-03 21:00:00,256.4774242195239
2023-03-03 22:00:00,209.12941729054154
2023-03-03 23:00:00,201.9479304347789
2023-03-04 00:00:00,206.31463872848738
2023-03-04 01:00:00,261.7394226881155
2023-03-04 02:00:00,225.10690455774986
2023-03-04 03:00:00,286.9607656683632
2023-03-04 04:00:00,224.16096081308478
2023-03-04 05:00:00,238.78252711966726
2023-03-04 06:00:00,265.57577925571525
2023-03-04 07:00:00,274.4940437870954
2023-03-04 08:00:00,275.23742618623726
2023-03-04 09:00:00,257.8064471878424
2023-03-04 10:00:00,253.74877713045407
2023-03-04 11:00:00,244.7431429115552
2023-03-04 12:00:00,248.0816135311886
2023-03-04 13:00:00,221.10921434950393
2023-03-04 14:00:00,215.38427440975698
2023-03-04 15:00:00,231.29291153336152
2023-03-04 16:00:00,227.56572082052492
2023-03-04 17:00:00,221.51076795840154
2023-03-04 18:00:00,244.10593606058976
2023-03-04 19:00:00,248.88413165581136
2023-03-04 20:00:00,231.14302780525028
2023-03-04 21:00:00,258.5194168310018
2023-03-04 22:00:00,205.72606120032935
2023-03-04 23:00:00,224.2748266099594
2023-03-05 00:00:00,213.396926917929
2023-03-05 01:00:00,189.9852252087333
2023-03-05 02:00:00,225.24219648055822
2023-03-05 03:00:00,224.03802311835753
2023-03-05 04:00:00,256.316483964209
2023-03-05 05:00:00,238.2356338766013
2023-03-05 06:00:00,204.7050128663919
2023-03-05 07:00:00,261.8374309931853
2023-03-05 08:00:00,248.74060835319696
2023-03-05 09:00:00,235.52381131507295
2023-03-05 10:00:00,218.91170990589163
2023-03-05 11:00:00,203.80979766595243
2023-03-05 12:00:00,215.10933755746015
2023-03-05 13:00:00,243.8810808229107
2023-03-05 14:00:00,259.34825930504377
2023-03-05 15:00:00,252.06966287404833
2023-03-05 16:00:00,210.97394253357172
2023-03-05 17:00:00,197.90264588840517
2023-03-05 18:00:00,222.65475359475468
2023-03-05 19:00:00,184.00829176128394
2023-03-05 20:00:00,225.3785460804872
2023-03-05 21:00:00,215.49936129165175
2023-03-05 22:00:00,208.6650590751682
2023-03-05 23:00:00,185.6243052981819
2023-03-06 00:00:00,227.32119448383116
2023-03-06 01:00:00,205.92429636308987
2023-03-06 02:00:00,192.70743942851328
2023-03-06 03:00:00,158.18638429928419
2023-03-06 04:00:00,214.6056197362724
2023-03-06 05:00:00,250.1237234638941
2023-03-06 06:00:00,247.42518165774987
2023-03-06 07:00:00,204.5779580834569
2023-03-06 08:00:00,201.19415587944826
2023-03-06 09:00:00,222.1310722510091
2023-03-06 10:00:00,192.3037928404843
2023-03-06 11:00:00,217.82202697544477
2023-03-06 12:00:00,226.62130329247844
2023-03-06 13:00:00,235.35074098784386
2023-03-06 14:00:00,208.32029256729078
2023-03-06 15:00:00,205.7601643512757
2023-03-06 16:00:00,191.78326952186822
2023-03-06 17:00:00,192.3136617940466
2023-03-06 18:00:00,203.82915353514622
2023-03-06 19:00:00,215.21266814166157
2023-03-06 20:00:00,225.64289063291815
2023-03-06 21:00:00,190.81272208389325
2023-03-06 22:00:00,236.23448784155806
2023-03-06 23:00:00,200.4620217400547
2023-03-07 00:00:00,204.96033672800348
2023-03-07 01:00:00,189.94609912231
2023-03-07 02:00:00,155.9076885609067
2023-03-07 03:00:00,221.57512350896934
2023-03-07 04:00:00,218.13242592066683
2023-03-07 05:00:00,197.26998968155547
2023-03-07 06:00:00,203.7370583618501
2023-03-07 07:00:00,212.2164918424636
2023-03-07 08:00:00,170.14706405251223
2023-03-07 09:00:00,190.31706154822461
2023-03-07 10:00:00,216.28345278173333
2023-03-07 11:00:00,174.812375004471
2023-03-07 12:00:00,205.26933657331617
2023-03-07 13:00:00,171.76661648134854
2023-03-07 14:00:00,207.7270370401447
2023-03-07 15:00:00,197.18595271810827
2023-03-07 16:00:00,165.09670113854415
2023-03-07 17:00:00,220.19493970248124
2023-03-07 18:00:00,181.7094462162157
2023-03-07 19:00:00,179.69771401995385
2023-03-07 20:00:00,199.4160414332348
2023-03-07 21:00:00,217.87975873598634
2023-03-07 22:00:00,174.09343892122138
2023-03-07 23:00:00,195.14689485893746
2023-03-08 00:00:00,201.99365909491982
2023-03-08 01:00:00,206.78413072150718
2023-03-08 02:00:00,195.95624696196873
2023-03-08 03:00:00,184.5930136070417
2023-03-08 04:00:00,174.8887271442568
2023-03-08 05:00:00,192.67122632639314
2023-03-08 06:00:00,169.0142906915784
2023-03-08 07:00:00,131.53973781217775
2023-03-08 08:00:00,198.20862343289335
2023-03-08 09:00:00,207.06785628763026
2023-03-08 10:00:00,141.24334394611367
2023-03-08 11:00:00,167.8213615449484
2023-03-08 12:00:00,199.9142422338973
2023-03-08 13:00:00,228.19749465658145
2023-03-08 14:00:00,186.98118289508992
2023-03-08 15:00:00,171.52431685416366
2023-03-08 16:00:00,181.94690534464993
2023-03-08 17:00:00,212.62426054229815
2023-03-08 18:00:00,171.73083388382133
2023-03-08 19:00:00,168.1911976157462
2023-03-08 20:00:00,174.04667007058777
2023-03-08 21:00:00,164.16310094689769
2023-03-08 22:00:00,185.2128890485251
2023-03-08 23:00:00,214.7845855519376
2023-03-09 00:00:00,188.28590638238848
2023-03-09 01:00:00,176.31237296782544
2023-03-09 02:00:00,175.06020376248867
2023-03-09 03:00:00,149.17150943848125
2023-03-09 04:00:00,197.63837407810718
2023-03-09 05:00:00,177.96228988311776
2023-03-09 06:00:00,175.45433891932117
2023-03-09 07:00:00,242.47308550462515
2023-03-09 08:00:00,184.13512816039685
2023-03-09 09:00:00,162.6755688113354
2023-03-09 10:00:00,168.73778655172927
2023-03-09 11:00:00,199.78967480958272
2023-03-09 12:00:00,178.64430889083198
2023-03-09 13:00:00,147.17384325840612
2023-03-09 14:00:00,193.8868897006015
2023-03-09 15:00:00,161.70478723114581
2023-03-09 16:00:00,212.10147561143378
2023-03-09 17:00:00,195.80686897338748
2023-03-09 18:00:00,164.8324367056701
2023-03-09 19:00:00,198.97479090398537
2023-03-09 20:00:00,174.2898274616975
2023-03-09 21:00:00,189.56915104117923
2023-03-09 22:00:00,181.79204278155052
2023-03-09 23:00:00,154.75675247087423
2023-03-10 00:00:00,158.40221964721923
2023-03-10 01:00:00,191.4646360225002
2023-03-10 02:00:00,163.76502983980896
2023-03-10 03:00:00,161.9856379498982
2023-03-10 04:00:00,150.55722047487703
2023-03-10 05:00:00,177.7357522283694
2023-03-10 06:00:00,210.12144175329422
2023-03-10 07:00:00,147.13057041499923
2023-03-10 08:00:00,168.5790550160578
2023-03-10 09:00:00,195.95570468025306
2023-03-10 10:00:00,165.73832228010767
2023-03-10 11:00:00,176.00170942085984
2023-03-10 12:00:00,145.33283086888298
2023-03-10 13:00:00,174.77661321393663
2023-03-10 14:00:00,162.10073473237082
2023-03-10 15:00:00,185.19478431827048
2023-03-10 16:00:00,188.86792176097265
2023-03-10 17:00:00,216.55497784591498
2023-03-10 18:00:00,176.00339634581536
2023-03-10 19:00:00,170.57724598624242
2023-03-10 20:00:00,167.6031862972869
2023-03-10 21:00:00,156.30998344040387
2023-03-10 22:00:00,169.8044578352772
2023-03-10 23:00:00,156.79192092378756
2023-03-11 00:00:00,165.7380667864894
2023-03-11 01:00:00,188.3934591916999
2023-03-11 02:00:00,141.5871142099115
2023-03-11 03:00:00,184.1958219455958
2023-03-11 04:00:00,187.4246974200824
2023-03-11 05:00:00,158.40906261169522
2023-03-11 06:00:00,118.02529517357019
2023-03-11 07:00:00,148.00186714181552
2023-03-11 08:00:00,185.79809568099867
2023-03-11 09:00:00,159.10475551594493
2023-03-11 10:00:00,139.284027882796
2023-03-11 11:00:00,148.88660282970716
2023-03-11 12:00:00,175.51063226563303
2023-03-11 13:00:00,169.3531637232484
2023-03-11 14:00:00,153.36426911561878
2023-03-11 15:00:00,150.53502727651997
2023-03-11 16:00:00,149.7691697590802
2023-03-11 17:00:00,138.8931858085258
2023-03-11 18:00:00,189.39022587192534
2023-03-11 19:00:00,150.38191697537792
2023-03-11 20:00:00,180.92142818457054
2023-03-11 21:00:00,186.75885235300413
2023-03-11 22:00:00,176.0573895344878
2023-03-11 23:00:00,147.22179642039353
2023-03-12 00:00:00,163.69625012765698
2023-03-12 01:00:00,154.9096196374629
2023-03-12 02:00:00,137.09583860468655
2023-03-12 03:00:00,161.4378884827888
2023-03-12 04:00:00,131.15523894640265
2023-03-12 05:00:00,178.27948081887502
2023-03-12 06:00:00,145.02795275652107
2023-03-12 07:00:00,158.14246540485433
2023-03-12 08:00:00,159.58859133776647
2023-03-12 09:00:00,148.55290373041996
2023-03-12 10:00:00,165.27767539278707
2023-03-12 11:00:00,143.86316797096143
2023-03-12 12:00:00,170.60929262971126
2023-03-12 13:00:00,126.09054027910416
2023-03-12 14:00:00,155.36921162589357
2023-03-12 15:00:00,191.45640196575522
2023-03-12 16:00:00,132.51212962046873
2023-03-12 17:00:00,138.80953891489514
2023-03-12 18:00:00,162.49304104785364
2023-03-12 19:00:00,155.6617438945242
2023-03-12 20:00:00,158.94272739149335
2023-03-12 21:00:00,161.5786921066666
2023-03-12 22:00:00,164.35902343751886
2023-03-12 23:00:00,173.733068968292
2023-03-13 00:00:00,159.61476938302502
2023-03-13 01:00:00,146.47742538726212
2023-03-13 02:00:00,164.64310444043682
2023-03-13 03:00:00,189.08320184732057
2023-03-13 04:00:00,148.33171235772198
2023-03-13 05:00:00,131.39752684834315
2023-03-13 06:00:00,172.93836313165727
2023-03-13 07:00:00,148.3026835550306
2023-03-13 08:00:00,107.17540193024851
2023-03-13 09:00:00,167.50064948953678
2023-03-13 10:00:00,139.774020060648
2023-03-13 11:00:00,148.60323786719732
2023-03-13 12:00:00,156.99178842654197
2023-03-13 13:00:00,154.1054184530696
2023-03-13 14:00:00,164.43267465868956
2023-03-13 15:00:00,141.48709995763733
2023-03-13 16:00:00,160.41711266144185
2023-03-13 17:00:00,144.9272169339207
2023-03-13 18:00:00,164.8625020344113
2023-03-13 19:00:00,162.36677535714827
2023-03-13 20:00:00,131.3287789120365
2023-03-13 21:00:00,171.74031875553976
2023-03-13 22:00:00,139.2895288995764
2023-03-13 23:00:00,166.16307421585907
2023-03-14 00:00:00,157.34578473315185
2023-03-14 01:00:00,186.76683217040338
2023-03-14 02:00:00,145.54195879891242
2023-03-14 03:00:00,143.03806116633223
2023-03-14 04:00:00,149.65412113193324
2023-03-14 05:00:00,144.002029461038
2023-03-14 06:00:00,166.0925684204765
2023-03-14 07:00:00,117.8006140621892
2023-03-14 08:00:00,129.09126097309536
2023-03-14 09:00:00,128.85191751707538
2023-03-14 10:00:00,169.26217354167943
2023-03-14 11:00:00,184.52130926377174
2023-03-14 12:00:00,148.2780466057189
2023-03-14 13:00:00,147.0535489325449
2023-03-14 14:00:00,151.89893603883772
2023-03-14 15:00:00,173.80831837843755
2023-03-14 16:00:00,132.1014920757384
2023-03-14 17:00:00,155.4986719509197
2023-03-14 18:00:00,170.32290925825998
2023-03-14 19:00:00,160.9334224911453
2023-03-14 20:00:00,154.8006626592442
2023-03-14 21:00:00,171.13234246967465
2023-03-14 22:00:00,97.15405386660737
2023-03-14 23:00:00,164.888363314847
2023-03-15 00:00:00,138.36636733306716
2023-03-15 01:00:00,114.9571023013138
2023-03-15 02:00:00,161.92053445538755
2023-03-15 03:00:00,179.30120590609286
2023-03-15 04:00:00,149.2154344045821
2023-03-15 05:00:00,171.16306885499782
2023-03-15 06:00:00,184.49710568681206
2023-03-15 07:00:00,178.70056702097716
2023-03-15 08:00:00,185.35706569152165
2023-03-15 09:00:00,167.5605662632837
2023-03-15 10:00:00,154.39165871658412
2023-03-15 11:00:00,121.01335085945733
2023-03-15 12:00:00,148.30579318781787
2023-03-15 13:00:00,136.54116415383672
2023-03-15 14:00:00,197.0086628714264
2023-03-15 15:00:00,150.2604457146058
2023-03-15 16:00:00,156.4352336860102
2023-03-15 17:00:00,165.1984235060856
2023-03-15 18:00:00,155.24292643788985
2023-03-15 19:00:00,188.47862271844525
2023-03-15 20:00:00,142.33588127648767
2023-03-15 21:00:00,158.89680529274116
2023-03-15 22:00:00,140.3755316477402
2023-03-15 23:00:00,129.04925777934324
2023-03-16 00:00:00,143.44354581978237
2023-03-16 01:00:00,155.17184340135262
2023-03-16 02:00:00,147.56459526173492
2023-03-16 03:00:00,142.5446654638459
2023-03-16 04:00:00,128.51354175228425
2023-03-16 05:00:00,155.22892151230897
2023-03-16 06:00:00,127.05207828420436
2023-03-16 07:00:00,172.60734315427035
2023-03-16 08:00:00,159.31901639693945
2023-03-16 09:00:00,128.78742174931338
2023-03-16 10:00:00,152.02670671775226
2023-03-16 11:00:00,143.44437554342545
2023-03-16 12:00:00,165.15176047514905
2023-03-16 13:00:00,185.86216893737043
2023-03-16 14:00:00,121.8386950240108
2023-03-16 15:00:00,161.93571615156893
2023-03-16 16:00:00,156.72962525588872
2023-03-16 17:00:00,173.6601760333253
2023-03-16 18:00:00,164.80237703557518
2023-03-16 19:00:00,145.80807392521868
2023-03-16 20:00:00,154.7793131571535
2023-03-16 21:00:00,145.55668997335346
2023-03-16 22:00:00,183.31801736751953
2023-03-16 23:00:00,162.5485952358162
2023-03-17 00:00:00,200.47445137647634
2023-03-17 01:00:00,161.56945168910556
2023-03-17 02:00:00,148.9502846333595
2023-03-17 03:00:00,133.18357225275142
2023-03-17 04:00:00,127.73816089686596
2023-03-17 05:00:00,132.46494975324413
2023-03-17 06:00:00,169.84050102821433
2023-03-17 07:00:00,175.02631804082847
2023-03-17 08:00:00,133.5853678927846
2023-03-17 09:00:00,183.47079162496135
2023-03-17 10:00:00,156.2730906885562
2023-03-17 11:00:00,169.23786488116164
2023-03-17 12:00:00,198.91747989723922
2023-03-17 13:00:00,184.9842490056157
2023-03-17 14:00:00,162.05454031263375
2023-03-17 15:00:00,149.98225680241728
2023-03-17 16:00:00,125.15396068715019
2023-03-17 17:00:00,154.1945506785219
2023-03-17 18:00:00,164.74550284855871
2023-03-17 19:00:00,149.618110807209
2023-03-17 20:00:00,167.1332195378397
2023-03-17 21:00:00,171.69507820722515
2023-03-17 22:00:00,166.06358675132907
2023-03-17 23:00:00,157.966264515291
2023-03-18 00:00:00,174.74792265955645
2023-03-18 01:00:00,180.62501779329543
2023-03-18 02:00:00,150.3924201907442
2023-03-18 03:00:00,200.83602620888
2023-03-18 04:00:00,171.06533108194287
2023-03-18 05:00:00,173.8364975683566
2023-03-18 06:00:00,188.04885898379456
2023-03-18 07:00:00,178.97657007432244
2023-03-18 08:00:00,193.8052258115551
2023-03-18 09:00:00,180.9177478512033
2023-03-18 10:00:00,163.36177092109264
2023-03-18 11:00:00,183.27828171259225
2023-03-18 12:00:00,153.613775015545
2023-03-18 13:00:00,179.1019323814677
2023-03-18 14:00:00,176.71088446397596
2023-03-18 15:00:00,173.66015557506105
2023-03-18 16:00:00,175.7009686676267
2023-03-18 17:00:00,141.08613697234932
2023-03-18 18:00:00,168.20214638386096
2023-03-18 19:00:00,181.4891515360738
2023-03-18 20:00:00,183.28702708544657
2023-03-18 21:00:00,159.99603315271008
2023-03-18 22:00:00,206.3252745444483
2023-03-18 23:00:00,164.1511013911924
2023-03-19 00:00:00,201.3290755190721
2023-03-19 01:00:00,190.95095789082518
2023-03-19 02:00:00,169.9514228796433
2023-03-19 03:00:00,218.85279774066004
2023-03-19 04:00:00,159.9461193934238
2023-03-19 05:00:00,202.6758337417501
2023-03-19 06:00:00,204.77986158328986
2023-03-19 07:00:00,171.8327991595624
2023-03-19 08:00:00,213.57297292841702
2023-03-19 09:00:00,181.20262784259708
2023-03-19 10:00:00,192.45870156030847
2023-03-19 11:00:00,192.3738680962774
2023-03-19 12:00:00,184.965142083758
2023-03-19 13:00:00,204.35260282669853
2023-03-19 14:00:00,204.49251857125864
2023-03-19 15:00:00,154.13954920826504
2023-03-19 16:00:00,215.68552701546406
2023-03-19 17:00:00,156.83845600117635
2023-03-19 18:00:00,211.22978461487577
2023-03-19 19:00:00,213.60447013684347
2023-03-19 20:00:00,169.7434386240555
2023-03-19 21:00:00,183.83972501358176
2023-03-19 22:00:00,170.43595533957134
2023-03-19 23:00:00,188.74641102905292
2023-03-20 00:00:00,187.37962438769074
2023-03-20 01:00:00,209.6296451169803
2023-03-20 02:00:00,220.7393301457568
2023-03-20 03:00:00,222.9440988708567
2023-03-20 04:00:00,184.28482650877785
2023-03-20 05:00:00,191.84196112830895
2023-03-20 06:00:00,162.85624367846464
2023-03-20 07:00:00,180.90656260899573
2023-03-20 08:00:00,216.82025061803077
2023-03-20 09:00:00,230.33437612034862
2023-03-20 10:00:00,173.83544163147542
2023-03-20 11:00:00,187.17298106256763
2023-03-20 12:00:00,198.99409605555908
2023-03-20 13:00:00,205.62542709872446
2023-03-20 14:00:00,184.33012403112016
2023-03-20 15:00:00,209.503353607048
2023-03-20 16:00:00,192.0451818521409
2023-03-20 17:00:00,201.73260725617573
2023-03-20 18:00:00,213.44681935041473
2023-03-20 19:00:00,203.14880939182063
2023-03-20 20:00:00,194.79157375644925
2023-03-20 21:00:00,201.8256711336186
2023-03-20 22:00:00,202.7487818898103
2023-03-20 23:00:00,197.613542737712
2023-03-21 00:00:00,200.33506297129483
2023-03-21 01:00:00,237.98059743018334
2023-03-21 02:00:00,217.72211201397045
2023-03-21 03:00:00,201.0895353627334
2023-03-21 04:00:00,221.43294857336232
2023-03-21 05:00:00,201.31144006805513
2023-03-21 06:00:00,231.9434932186059
2023-03-21 07:00:00,216.3661668215537
2023-03-21 08:00:00,207.31870528340573
2023-03-21 09:00:00,218.90956539866545
2023-03-21 10:00:00,179.02718704566712
2023-03-21 11:00:00,188.3977994511135
2023-03-21 12:00:00,187.54199413782905
2023-03-21 13:00:00,214.76555955767515
2023-03-21 14:00:00,247.04201038884983
2023-03-21 15:00:00,257.5014868990339
2023-03-21 16:00:00,226.1189920423619
2023-03-21 17:00:00,223.85600976493143
2023-03-21 18:00:00,178.2977319349892
2023-03-21 19:00:00,203.9437450986358
2023-03-21 20:00:00,199.51840082064516
2023-03-21 21:00:00,203.33245126442398
2023-03-21 22:00:00,212.8602793011882
2023-03-21 23:00:00,207.25347426033127
2023-03-22 00:00:00,177.57975023347902
2023-03-22 01:00:00,232.5926956297272
2023-03-22 02:00:00,196.64661062460658
2023-03-22 03:00:00,223.35157892162263
2023-03-22 04:00:00,260.5116088857042
2023-03-22 05:00:00,201.10367453059047
2023-03-22 06:00:00,169.34507765861315
2023-03-22 07:00:00,214.68821036097248
2023-03-22 08:00:00,242.88291337110826
2023-03-22 09:00:00,260.48400927342993
2023-03-22 10:00:00,197.17727612959632
2023-03-22 11:00:00,232.15128350433986
2023-03-22 12:00:00,213.35789921358366
2023-03-22 13:00:00,220.98968418072914
2023-03-22 14:00:00,276.4377502789099
2023-03-22 15:00:00,193.93135377371556
2023-03-22 16:00:00,229.50303151851736
2023-03-22 17:00:00,234.21713686746992
2023-03-22 18:00:00,247.01154876785955
2023-03-22 19:00:00,227.68550461425485
2023-03-22 20:00:00,232.31429904796704
2023-03-22 21:00:00,218.74514831546554
2023-03-22 22:00:00,232.38283210500205
2023-03-22 23:00:00,220.5559213795222
2023-03-23 00:00:00,240.2679363421229
2023-03-23 01:00:00,220.85823985300303
2023-03-23 02:00:00,236.20357745967797
2023-03-23 03:00:00,228.48457018261945
2023-03-23 04:00:00,251.99618138802649
2023-03-23 05:00:00,228.84970432400274
2023-03-23 06:00:00,194.81634412184243
2023-03-23 07:00:00,255.91181051634973
2023-03-23 08:00:00,212.95205418841812
2023-03-23 09:00:00,218.38158649216302
2023-03-23 10:00:00,219.93075477862592
2023-03-23 11:00:00,259.7166255457392
2023-03-23 12:00:00,189.8950396660641
2023-03-23 13:00:00,295.7408940569323
2023-03-23 14:00:00,254.4811604382977
2023-03-23 15:00:00,238.19556743817816
2023-03-23 16:00:00,233.00030099108105
2023-03-23 17:00:00,240.1732445586863
2023-03-23 18:00:00,245.24514749965866
2023-03-23 19:00:00,248.08406428073724
2023-03-23 20:00:00,246.6453775655296
2023-03-23 21:00:00,237.67488425507656
2023-03-23 22:00:00,232.2828963111755
2023-03-23 23:00:00,233.54697019532193
2023-03-24 00:00:00,233.01338419929866
2023-03-24 01:00:00,259.9223745574327
2023-03-24 02:00:00,249.44980521322464
2023-03-24 03:00:00,179.09883838607664
2023-03-24 04:00:00,251.34877629219298
2023-03-24 05:00:00,242.4458112939916
2023-03-24 06:00:00,238.49338383210232
2023-03-24 07:00:00,231.40977473714003
2023-03-24 08:00:00,261.97106505480576
2023-03-24 09:00:00,258.744057905552
2023-03-24 10:00:00,224.63671399492694
2023-03-24 11:00:00,248.53204238887062
2023-03-24 12:00:00,221.25055218452957
2023-03-24 13:00:00,213.3799454737673
2023-03-24 14:00:00,228.72248897520393
2023-03-24 15:00:00,258.7851019631496
2023-03-24 16:00:00,260.8759787828699
2023-03-24 17:00:00,252.3472503242048
2023-03-24 18:00:00,256.85531318700845
2023-03-24 19:00:00,252.9405834156868
2023-03-24 20:00:00,230.0467443260143
2023-03-24 21:00:00,251.76989807914512
2023-03-24 22:00:00,259.3903955366371
2023-03-24 23:00:00,258.71445129042047
2023-03-25 00:00:00,267.6489489595952
2023-03-25 01:00:00,258.27442827848256
2023-03-25 02:00:00,251.37057449127542
2023-03-25 03:00:00,265.9734399886719
2023-03-25 04:00:00,244.26437791288146
2023-03-25 05:00:00,227.37719850584662
2023-03-25 06:00:00,241.96873925242315
2023-03-25 07:00:00,230.5428896659054
